[
  {
    "id": "arwd-hmayh-alwtn",
    "title": "عروض حماية الوطن",
    "url": "https://docs.google.com/document/d/1u490EaxuISFQsnLXb5ub-O5Bx8E9mZpqzaqxgYBNse0/edit?tab=t.0",
    "tags": [
      "ar"
    ]
  },
  {
    "id": "nt-wyn-mkan-arwd-4",
    "title": "نت وين مكان عروض 4",
    "url": "https://docs.google.com/document/d/1u490EaxuISFQsnLXb5ub-O5Bx8E9mZpqzaqxgYBNse0/edit?tab=t.8eoyxfqq08jj",
    "tags": [
      "ar"
    ]
  },
  {
    "id": "max-it",
    "title": "Max It",
    "url": "https://docs.google.com/document/d/1u490EaxuISFQsnLXb5ub-O5Bx8E9mZpqzaqxgYBNse0/edit?tab=t.axh9j0o05oj6",
    "tags": [
      "en"
    ]
  },
  {
    "id": "khtwt-antrnt",
    "title": "خطوط انترنت",
    "url": "https://docs.google.com/document/d/1u490EaxuISFQsnLXb5ub-O5Bx8E9mZpqzaqxgYBNse0/edit?tab=t.lli98zsepvzd",
    "tags": [
      "ar"
    ]
  },
  {
    "id": "hmah-alwtn-mdfwa-maks",
    "title": "حماة الوطن مدفوع ماكس",
    "url": "https://docs.google.com/document/d/1u490EaxuISFQsnLXb5ub-O5Bx8E9mZpqzaqxgYBNse0/edit?tab=t.0",
    "tags": [
      "ar"
    ]
  },
  {
    "id": "khtwt-alzwar",
    "title": "خطوط الزوار",
    "url": "https://docs.google.com/document/d/1u490EaxuISFQsnLXb5ub-O5Bx8E9mZpqzaqxgYBNse0/edit?tab=t.kqzw7las6tmk#heading=h.wkbm6lt637xf",
    "tags": [
      "ar"
    ]
  },
  {
    "id": "alantrnt-alamn",
    "title": "الانترنت الامن",
    "url": "https://docs.google.com/document/d/1u490EaxuISFQsnLXb5ub-O5Bx8E9mZpqzaqxgYBNse0/edit?tab=t.orhbfqja0lng",
    "tags": [
      "ar"
    ]
  },
  {
    "id": "twasl",
    "title": "تواصل",
    "url": "https://docs.google.com/document/d/1u490EaxuISFQsnLXb5ub-O5Bx8E9mZpqzaqxgYBNse0/edit?tab=t.2f4915hf1sj5",
    "tags": [
      "ar"
    ]
  },
  {
    "id": "arwd-maak",
    "title": "عروض معاك",
    "url": "https://docs.google.com/document/d/1u490EaxuISFQsnLXb5ub-O5Bx8E9mZpqzaqxgYBNse0/edit?tab=t.rp8m5yewqqjq",
    "tags": [
      "ar"
    ]
  },
  {
    "id": "aml-awrnj",
    "title": "امل اورنج",
    "url": "https://docs.google.com/document/d/1u490EaxuISFQsnLXb5ub-O5Bx8E9mZpqzaqxgYBNse0/edit?tab=t.fbkpy2laq5tm",
    "tags": [
      "ar"
    ]
  },
  {
    "id": "trq-alshhn",
    "title": "طرق الشحن !",
    "url": "https://docs.google.com/document/d/1u490EaxuISFQsnLXb5ub-O5Bx8E9mZpqzaqxgYBNse0/edit?tab=t.qo97w554ugqc",
    "tags": [
      "ar"
    ]
  },
  {
    "id": "rmwz-awrnj",
    "title": "رموز اورنج",
    "url": "https://docs.google.com/document/d/1u490EaxuISFQsnLXb5ub-O5Bx8E9mZpqzaqxgYBNse0/edit?tab=t.hn56fszxe3q#heading=h.3njvdv5h2k3y",
    "tags": [
      "ar"
    ]
  },
  {
    "id": "e-shop",
    "title": "E-shop",
    "url": "https://docs.google.com/document/d/1u490EaxuISFQsnLXb5ub-O5Bx8E9mZpqzaqxgYBNse0/edit?tab=t.x5jcjkt1w76k",
    "tags": [
      "en"
    ]
  },
  {
    "id": "tod-osn",
    "title": "tod + OSN",
    "url": "https://docs.google.com/document/d/1u490EaxuISFQsnLXb5ub-O5Bx8E9mZpqzaqxgYBNse0/edit?tab=t.doh4ia6hadlh",
    "tags": [
      "en"
    ]
  },
  {
    "id": "tqsyt",
    "title": "تقسيط",
    "url": "https://docs.google.com/document/d/1u490EaxuISFQsnLXb5ub-O5Bx8E9mZpqzaqxgYBNse0/edit?tab=t.e6nev2d2b8t0",
    "tags": [
      "ar"
    ]
  },
  {
    "id": "akadymyh-awrnj-wzyfh",
    "title": "اكاديمية اورنج + وظيفه",
    "url": "https://docs.google.com/document/d/1u490EaxuISFQsnLXb5ub-O5Bx8E9mZpqzaqxgYBNse0/edit?tab=t.fhjt1o723ymn",
    "tags": [
      "ar"
    ]
  },
  {
    "id": "zte-6600",
    "title": "zte 6600",
    "url": "https://docs.google.com/document/d/1u490EaxuISFQsnLXb5ub-O5Bx8E9mZpqzaqxgYBNse0/edit?tab=t.o5xgohdxqa34",
    "tags": [
      "en"
    ]
  },
  {
    "id": "karti",
    "title": "KARTI",
    "url": "https://docs.google.com/document/d/1u490EaxuISFQsnLXb5ub-O5Bx8E9mZpqzaqxgYBNse0/edit?tab=t.quoybfq6i3sa",
    "tags": [
      "en"
    ]
  }
]
